Group ID,Left,Right,Observ 1,Observ 2,Depth,Distance
0,7ABU,,1,,0,
1,7AGA,,1,,0,
2,7AMJ,,1,,0,
3,7AQI,,1,,0,
4,7AXM,,1,,0,
5,0,3,1,1,1,0.18711858586327557
6,2,4,1,1,1,0.8508363922606561
7,5,6,2,2,2,0.9975970658069981
8,1,7,1,4,3,1
