Group ID,Left,Right,Observ 1,Observ 2,Depth,Distance
0,7ABU,,1,,0,
1,7AGA,,1,,0,
2,7AMJ,,1,,0,
3,7AQI,,1,,0,
4,7AXM,,1,,0,
5,0,3,1,1,1,0.19799377082549363
6,2,4,1,1,1,0.9170085699184319
7,1,6,1,2,2,1.0436503745440024
8,5,7,2,3,3,1.0599509225426729
