Group ID,Left,Right,Observ 1,Observ 2,Depth,Distance
0,7ABU,,1,,0,
1,7AGA,,1,,0,
2,7AMJ,,1,,0,
3,7AQI,,1,,0,
4,7AXM,,1,,0,
5,2,3,1,1,1,0.011967723413048525
6,0,5,1,2,2,0.08309677586655917
7,4,6,1,3,3,0.5801389908639127
8,1,7,1,4,4,1.9618001187822436
