Group ID,Left,Right,Observ 1,Observ 2,Depth,Distance
0,7ABU,,1,,0,
1,7AGA,,1,,0,
2,7AMJ,,1,,0,
3,7AQI,,1,,0,
4,7AXM,,1,,0,
5,0,3,1,1,1,0.0005705281946871699
6,2,5,1,2,2,0.021436367720549243
7,4,6,1,3,3,0.17481693705495782
8,1,7,1,4,4,1.977089060439117
