Group ID,Left,Right,Observ 1,Observ 2,Depth,Distance
0,7ABU,,1,,0,
1,7AGA,,1,,0,
2,7AMJ,,1,,0,
3,7AQI,,1,,0,
4,7AXM,,1,,0,
5,0,3,1,1,1,0.004882561960475873
6,4,5,1,2,2,0.03732541447672211
7,2,6,1,3,3,0.07175706377479119
8,1,7,1,4,4,1.9942285822611625
