Input,7ABU,7AGA,7AMJ,7AQI,7AXM
7ABU,1.0000000000000002,0.007529846907594862,0.9276070415968587,0.975056106947485,0.9062389372261701
7AGA,0.007529846907594861,1,0.006702288836069975,0.006022610468671223,0.01089551405468291
7AMJ,0.9276070415968589,0.006702288836069975,1.0000000000000002,0.8688259503842571,0.8279173407432713
7AQI,0.9750561069474851,0.006022610468671222,0.868825950384257,0.9999999999999998,0.8864216900555484
7AXM,0.90623893722617,0.010895514054682908,0.8279173407432713,0.8864216900555484,1
