Input,7ABU,7AGA,7AMJ,7AQI,7AXM
7ABU,1,0,0.0024029341930019077,0.8128814141367244,0.0478187036616233
7AGA,0,1.0000000000000002,0,0,0
7AMJ,0.002402934193001908,0,1.0000000000000002,0.14272908336914525,0.14916360773934384
7AQI,0.8128814141367244,0,0.14272908336914525,0.9999999999999999,0.3219300123630525
7AXM,0.0478187036616233,0,0.14916360773934387,0.32193001236305246,1
