Input,7ABU,7AGA,7AMJ,7AQI,7AXM
7ABU,0.9999999999999998,-0.07143843077844451,0.8424344121122308,0.9263034705687637,0.5161692188053069
7AGA,-0.07143843077844451,1.000000000000003,-0.06548181908572465,-0.07147417620279012,-0.07682286846782684
7AMJ,0.842434412112231,-0.06548181908572466,1.0000000000000002,0.6935911657997731,0.4376186433246227
7AQI,0.9263034705687637,-0.07147417620279015,0.6935911657997734,1.0000000000000002,0.4798722389206608
7AXM,0.5161692188053066,-0.07682286846782684,0.43761864332462264,0.47987223892066067,1.0000000000000004
