Input,7ABU,7AGA,7AMJ,7AQI,7AXM
7ABU,0.9999999999999998,0.011661161087576779,0.972925587453957,0.9836225463134156,0.8332505024808076
7AGA,0.011661161087576777,1.0000000000000002,0.011581249319094033,0.009322473923241198,0.010375381390821692
7AMJ,0.972925587453957,0.011581249319094033,1,0.9875992861616149,0.8826001661552489
7AQI,0.9836225463134154,0.009322473923241198,0.9875992861616149,1,0.8812638263923326
7AXM,0.8332505024808076,0.010375381390821692,0.8826001661552488,0.8812638263923327,1
