Input,7ABU,7AGA,7AMJ,7AQI,7AXM
7ABU,1,0,0.8592552048574523,0.9354555809940615,0.9767270296699881
7AGA,0,1,0,0,0
7AMJ,0.8592552048574524,0,1,0.7298713747931826,0.8534403673737981
7AQI,0.9354555809940615,0,0.7298713747931826,1.0000000000000002,0.9247610775224939
7AXM,0.976727029669988,0,0.8534403673737981,0.9247610775224939,1
