Input,7ABU,7AGA,7AMJ,7AQI,7AXM
7ABU,0.9999999999999998,-0.28743183048501164,0.9605603286127321,0.9727355022670617,0.8543636006373504
7AGA,-0.2874318304850115,1.0000000000000004,-0.27875162956738203,-0.2865217025984062,-0.2829626632145565
7AMJ,0.9605603286127316,-0.2787516295673813,1.0000000000000002,0.9689577453401138,0.8755954811468095
7AQI,0.9727355022670616,-0.2865217025984061,0.9689577453401139,1.0000000000000004,0.8830001190858207
7AXM,0.8543636006373507,-0.28296266321455665,0.8755954811468094,0.8830001190858213,1.0000000000000007
