Input,7ABU,7AGA,7AMJ,7AQI,7AXM
7ABU,1.0000000000000004,-0.22745550796511324,0.9600018408515767,0.9747750676133066,0.7637419609978582
7AGA,-0.2274555079651132,1.0000000000000002,-0.23062048422656964,-0.2255939052614357,-0.20519690438255714
7AMJ,0.9600018408515771,-0.23062048422656936,1,0.9813611390006789,0.8310699777481806
7AQI,0.9747750676133062,-0.225593905261436,0.9813611390006789,1.0000000000000002,0.8316110398407996
7AXM,0.7637419609978578,-0.20519690438255744,0.8310699777481808,0.8316110398408003,1.0000000000000007
