Group ID,Left,Right,Observ 1,Observ 2,Depth,Distance
0,7ABU,,1,,0,
1,7AGA,,1,,0,
2,7AMJ,,1,,0,
3,7AQI,,1,,0,
4,7AXM,,1,,0,
5,0,4,1,1,1,0.0007888587710284112
6,3,5,1,2,2,0.017816255817143967
7,2,6,1,3,3,0.12690849765053935
8,1,7,1,4,4,1.992409012698055
