Group ID,Left,Right,Observ 1,Observ 2,Depth,Distance
0,7ABU,,1,,0,
1,7AGA,,1,,0,
2,7AMJ,,1,,0,
3,7AQI,,1,,0,
4,7AXM,,1,,0,
5,0,3,1,1,1,0.024943893052514876
6,4,5,1,2,2,0.11357830994445162
7,2,6,1,3,3,0.17208265925672872
8,1,7,1,4,4,0.9939773895313287
