Group ID,Left,Right,Observ 1,Observ 2,Depth,Distance
0,7ABU,,1,,0,
1,7AGA,,1,,0,
2,7AMJ,,1,,0,
3,7AQI,,1,,0,
4,7AXM,,1,,0,
5,0,3,1,1,1,0.015613359944207317
6,2,5,1,2,2,0.11969146889103788
7,4,6,1,3,3,0.5079043355148083
8,1,7,1,4,4,1.917835372536492
