Input,7ABU,7AGA,7AMJ,7AQI,7AXM
7ABU,1.0000000000000002,-0.03517463500339282,-0.05995092254267283,0.8020062291745064,-0.014127000219806375
7AGA,-0.03517463500339281,0.9999999999999988,-0.04022362570935822,-0.050188768323853564,-0.04365037454400254
7AMJ,-0.059950922542672834,-0.04022362570935828,1.0000000000000002,0.05622400307889487,0.08299143008156805
7AQI,0.8020062291745064,-0.05018876832385354,0.05622400307889487,0.9999999999999996,0.25684008354242527
7AXM,-0.014127000219806366,-0.04365037454400253,0.08299143008156802,0.2568400835424253,0.9999999999999997
