Input,7ABU,7AGA,7AMJ,7AQI,7AXM
7ABU,1,0,0.8592552048574523,0.9354555809940615,0.5734718305475389
7AGA,0,1,0,0,0
7AMJ,0.8592552048574524,0,1,0.7298713747931826,0.5010857638560289
7AQI,0.9354555809940615,0,0.7298713747931826,1.0000000000000002,0.5429607370701337
7AXM,0.5734718305475388,0,0.5010857638560289,0.5429607370701338,1
