Input,7ABU,7AGA,7AMJ,7AQI,7AXM
7ABU,0.9999999999999996,-0.09907179518406573,0.9012586214604678,0.9629784756105763,0.8681410231011101
7AGA,-0.09907179518406549,1.000000000000001,-0.08760805340781844,-0.10224177499141807,-0.09974203640092232
7AMJ,0.9012586214604682,-0.08760805340781837,1.0000000000000007,0.8129191450835225,0.7664465662680795
7AQI,0.9629784756105765,-0.10224177499141823,0.8129191450835219,0.9999999999999993,0.8359948458845615
7AXM,0.8681410231011101,-0.09974203640092225,0.7664465662680795,0.8359948458845615,1
