Input,7ABU,7AGA,7AMJ,7AQI,7AXM
7ABU,1.0000000000000009,-0.09221701765176478,0.779393376728514,0.8862294797153977,0.3675379470243912
7AGA,-0.09221701765176488,0.9999999999999984,-0.11089603128574559,-0.1106335547744756,-0.10021156362440263
7AMJ,0.7793933767285138,-0.11089603128574567,0.9999999999999997,0.9320511401000267,0.5806232633839037
7AQI,0.8862294797153972,-0.11063355477447558,0.9320511401000265,1.0000000000000004,0.658683231578837
7AXM,0.3675379470243909,-0.10021156362440253,0.5806232633839036,0.6586832315788367,1.0000000000000007
