Input,7ABU,7AGA,7AMJ,7AQI,7AXM
7ABU,1.0000000000000002,0,0.8055226051465946,0.8994087898568399,0.4390808670633654
7AGA,0,1,0,0,0
7AMJ,0.8055226051465947,0,1.0000000000000002,0.9436626148288256,0.6395671783438283
7AQI,0.8994087898568399,0,0.9436626148288256,1.0000000000000002,0.7057044784393101
7AXM,0.43908086706336535,0,0.6395671783438284,0.70570447843931,1
