Input,7ABU,7AGA,7AMJ,7AQI,7AXM
7ABU,0.9999999999999998,0.009049195330709128,0.9136825404150453,0.9852187155594998,0.771360242300325
7AGA,0.009049195330709128,1,0.008184494597522568,0.0069545268789864174,0.013275472743191923
7AMJ,0.9136825404150452,0.008184494597522568,1,0.8921226864937379,0.6911104119520792
7AQI,0.9852187155594998,0.0069545268789864174,0.8921226864937379,1,0.7592091244355094
7AXM,0.771360242300325,0.013275472743191921,0.6911104119520793,0.7592091244355095,0.9999999999999998
