Input,7ABU,7AGA,7AMJ,7AQI,7AXM
7ABU,0.9999999999999998,-0.08624623357238552,0.8424344121122308,0.9263034705687637,0.974881926585795
7AGA,-0.08624623357238553,0.9999999999999979,-0.07899522654970796,-0.08625612812350773,-0.09156704020578824
7AMJ,0.842434412112231,-0.07899522654970802,1.0000000000000002,0.6935911657997731,0.8365775570550811
7AQI,0.9263034705687637,-0.08625612812350776,0.6935911657997734,1.0000000000000002,0.9153056303811234
7AXM,0.9748819265857944,-0.09156704020578812,0.8365775570550805,0.9153056303811234,1.0000000000000009
