Input,7ABU,7AGA,7AMJ,7AQI,7AXM
7ABU,1,0.017900982917296308,0.9768835645283501,0.9849642074945224,0.9122670561048252
7AGA,0.017900982917296308,1,0.017638232212074938,0.016368822374676982,0.02165496335091567
7AMJ,0.9768835645283499,0.01763823221207494,1,0.9831560163080441,0.9261404950605808
7AQI,0.9849642074945224,0.016368822374676982,0.9831560163080442,0.9999999999999999,0.9301934694233011
7AXM,0.9122670561048252,0.021654963350915667,0.9261404950605809,0.9301934694233012,1
