Input,7ABU,7AGA,7AMJ,7AQI,7AXM
7ABU,0.9999999999999999,-0.058335988432557405,0.877941767356912,0.9761032017510819,0.6555792695493353
7AGA,-0.05833598843255743,1,-0.04808307827544862,-0.05815030186002112,-0.04940642093918931
7AMJ,0.8779417673569115,-0.048083078275448575,0.9999999999999994,0.8402624504866291,0.5631677946652178
7AQI,0.9761032017510817,-0.05815030186002113,0.8402624504866287,0.9999999999999999,0.6400115783121413
7AXM,0.6555792695493351,-0.04940642093918931,0.5631677946652179,0.6400115783121414,1.0000000000000004
